{
  "properties": {
    "connectionReferences": {
      "shared_commondataserviceforapps": {
        "runtimeSource": "embedded",
        "connection": {
          "connectionReferenceLogicalName": "msftcsa_CapacityDataverse"
        },
        "api": {
          "name": "shared_commondataserviceforapps"
        }
      }
    },
    "definition": {
      "$schema": "https://schema.management.azure.com/providers/Microsoft.Logic/schemas/2016-06-01/workflowdefinition.json#",
      "contentVersion": "1.0.0.0",
      "parameters": {
        "$connections": {
          "defaultValue": {},
          "type": "Object"
        },
        "$authentication": {
          "defaultValue": {},
          "type": "SecureObject"
        }
      },
      "triggers": {
        "manual": {
          "metadata": {
            "operationMetadataId": "deb6c8d8-275e-4158-b9c9-c9201905c188"
          },
          "type": "Request",
          "kind": "PowerAppV2",
          "inputs": {
            "schema": {
              "type": "object",
              "properties": {
                "text": {
                  "title": "environmentUrl",
                  "type": "string",
                  "x-ms-dynamically-added": true,
                  "description": "https://ORGANME.crm##.dynamics.com",
                  "x-ms-content-hint": "TEXT"
                },
                "text_1": {
                  "title": "tableName",
                  "type": "string",
                  "x-ms-dynamically-added": true,
                  "description": "Enter tablename",
                  "x-ms-content-hint": "TEXT"
                },
                "text_2": {
                  "title": "criteriaType",
                  "type": "string",
                  "x-ms-dynamically-added": true,
                  "description": "Criteria type (LastXDays, LastXMonths, etc)",
                  "x-ms-content-hint": "TEXT"
                },
                "number": {
                  "title": "criteriaValue",
                  "type": "number",
                  "x-ms-dynamically-added": true,
                  "description": "Number of (days, months, etc) back",
                  "x-ms-content-hint": "NUMBER"
                },
                "text_3": {
                  "title": "recurrence",
                  "type": "string",
                  "x-ms-dynamically-added": true,
                  "description": "Enter Recurrence days",
                  "x-ms-content-hint": "TEXT"
                }
              },
              "required": [
                "text",
                "text_1",
                "text_2",
                "number",
                "text_3"
              ]
            }
          }
        }
      },
      "actions": {
        "Init_empty_array": {
          "runAfter": {},
          "metadata": {
            "operationMetadataId": "bd63ff15-e1ac-46cf-a3a4-b7731a4e3305"
          },
          "type": "InitializeVariable",
          "inputs": {
            "variables": [
              {
                "name": "emptyArray",
                "type": "boolean"
              }
            ]
          }
        },
        "Perform_an_unbound_action_in_selected_environment_(preview)": {
          "runAfter": {
            "Init_empty_array": [
              "Succeeded"
            ]
          },
          "metadata": {
            "operationMetadataId": "2820ed30-d160-4f14-846d-8d3be3aebadd"
          },
          "type": "OpenApiConnection",
          "inputs": {
            "host": {
              "connectionName": "shared_commondataserviceforapps",
              "operationId": "PerformUnboundActionWithOrganization",
              "apiId": "/providers/Microsoft.PowerApps/apis/shared_commondataserviceforapps"
            },
            "parameters": {
              "organization": "@triggerBody()['text']",
              "actionName": "BulkDelete",
              "item": {
                "QuerySet": [
                  {
                    "NoLock": true,
                    "EntityName": "@{triggerBody()['text_1']}",
                    "Criteria": {
                      "Conditions": [
                        {
                          "AttributeName": "createdon",
                          "Operator": "@{triggerBody()['text_2']}",
                          "Values": [
                            {
                              "Value": "@{triggerBody()['number']}",
                              "Type": "System.Int32"
                            }
                          ]
                        }
                      ]
                    }
                  }
                ],
                "JobName": "Bulk Delete From App - Deleting @{triggerBody()['text_1']}",
                "SendEmailNotification": false,
                "ToRecipients": "@variables('emptyArray')",
                "CCRecipients": "@variables('emptyArray')",
                "RecurrencePattern": "@triggerBody()['text_3']",
                "StartDateTime": "@utcNow()",
                "RunNow": false
              }
            },
            "authentication": "@parameters('$authentication')"
          },
          "description": "https://philcole.org/post/bulkdelete/"
        },
        "Respond_to_a_PowerApp_or_flow": {
          "runAfter": {
            "Perform_an_unbound_action_in_selected_environment_(preview)": [
              "Succeeded"
            ]
          },
          "metadata": {
            "operationMetadataId": "33d02844-482a-4b1e-85fa-0448c640786f"
          },
          "type": "Response",
          "kind": "PowerApp",
          "inputs": {
            "statusCode": 200,
            "body": {
              "message": "completed"
            },
            "schema": {
              "type": "object",
              "properties": {
                "message": {
                  "title": "message",
                  "x-ms-dynamically-added": true,
                  "type": "string"
                }
              }
            }
          }
        }
      }
    },
    "templateName": null
  },
  "schemaVersion": "1.0.0.0"
}