<environmentvariabledefinition schemaname="bacsa_PFECRMOnlineFlowListenerURL">
  <description default="The URL that triggers in PFECRMOnline">
    <label description="The URL that triggers in PFECRMOnline" languagecode="1033" />
  </description>
  <displayname default="PFECRMOnlineFlowListenerURL">
    <label description="PFECRMOnlineFlowListenerURL" languagecode="1033" />
  </displayname>
  <introducedversion>1.0.0.0</introducedversion>
  <iscustomizable>1</iscustomizable>
  <isrequired>0</isrequired>
  <secretstore>0</secretstore>
  <type>100000000</type>
</environmentvariabledefinition>