{"token":{"type":"oauthSetting","oAuthSettings":{"identityProvider":"aad","clientId":"@environmentVariables(\"msftce_PFECRMOnline_ClientId\")","scopes":["https://graph.microsoft.com/Directory.ReadWrite.All https://graph.microsoft.com/User.ReadWrite.All https://graph.microsoft.com/RoleManagement.Read.All https://graph.microsoft.com/RoleManagement.ReadWrite.Directory https://graph.microsoft.com/CustomSecAttributeAssignment.ReadWrite.All https://graph.microsoft.com/CustomSecAttributeDefinition.ReadWrite.All https://graph.microsoft.com/AuditLog.Read.All https://graph.microsoft.com/UserAuthenticationMethod.ReadWrite.All"],"redirectMode":"GlobalPerConnector","redirectUrl":"https://global.consent.azure-apim.net/redirect/msftce-5fgraph-20api-20custom-20connector-5fcaf1f3b1e9f2d23e","properties":{"IsFirstParty":"False","AzureActiveDirectoryResourceId":"https://graph.microsoft.com","IsOnbehalfofLoginSupported":true},"customParameters":{"LoginUri":{"value":"https://login.microsoftonline.com"},"TenantId":{"value":"common"},"ResourceUri":{"value":"https://graph.microsoft.com"},"EnableOnbehalfOfLogin":{"value":false}},"clientSecret":"@environmentVariables(\"msftce_PFECRMOnline_ClientSecret\")"},"uiDefinition":{"displayName":"OAuth Connection","description":"OAuth Connection","constraints":{"required":"true","hidden":"false"}}},"token:TenantId":{"type":"string","metadata":{"sourceType":"AzureActiveDirectoryTenant"},"uiDefinition":{"constraints":{"required":"false","hidden":"true"}}}}