<bot schemaname="bacsa_pfecrmOnlineBot">
  <authenticationmode>2</authenticationmode>
  <authenticationtrigger>1</authenticationtrigger>
  <iscustomizable>0</iscustomizable>
  <language>1033</language>
  <name>PFECRMOnlineBot</name>
  <runtimeprovider>0</runtimeprovider>
  <synchronizationstatus>{
  "contentVersion": 2,
  "currentSynchronizationState": {
    "botRegistration": {
      "botRegistrationIdConsumptionTime": "2024-06-05T16:09:39Z",
      "applicationId": "4313e428-f1d3-4659-b68a-8e367e443cf7",
      "isAppAvailableInTenant": true
    },
    "provisioningStatus": "Provisioned",
    "state": "Synchronized"
  },
  "lastSynchronizedOnUtc": "2024-09-05T04:47:54.0531029Z"
}</synchronizationstatus>
  <template>default-2.0.1</template>
  <timezoneruleversionnumber>0</timezoneruleversionnumber>
</bot>