<bot schemaname="bacsa_pfecrmOnlineBot">
  <authenticationconfiguration>{}</authenticationconfiguration>
  <authenticationmode>2</authenticationmode>
  <authenticationtrigger>1</authenticationtrigger>
  <iscustomizable>0</iscustomizable>
  <language>1033</language>
  <name>PFECRMOnlineBot</name>
  <runtimeprovider>0</runtimeprovider>
  <synchronizationstatus>{
  "contentVersion": 2,
  "lastFinishedPublishOperation": {
    "userId": "aa96d1a7-35da-4559-967d-3bdbac10461d",
    "operationStart": "2023-10-24T17:23:10.1866165Z",
    "operationEnd": "2023-10-24T17:23:18.652676Z",
    "status": "Succeeded"
  },
  "lastPublishedUserId": "aa96d1a7-35da-4559-967d-3bdbac10461d",
  "lastPublishedOnUtc": "2023-10-24T17:23:17Z",
  "currentSynchronizationState": {
    "botRegistration": {
      "applicationId": "b474f8e7-e3e1-462e-a027-e15cf2c73896",
      "isAppAvailableInTenant": true
    },
    "provisioningStatus": "Provisioned",
    "state": "Synchronized"
  },
  "lastSynchronizedOnUtc": "2024-05-07T23:43:00.9315061Z"
}</synchronizationstatus>
  <template>default-2.0.1</template>
  <timezoneruleversionnumber>0</timezoneruleversionnumber>
</bot>