<ImportExportXml xmlns:xsi="http://www.w3.org/2001/XMLSchema-instance">
  <Entities></Entities>
  <Roles></Roles>
  <Workflows>
    <Workflow WorkflowId="{e8000b3c-fe83-ee11-8179-000d3a1e0b31}" Name="Bulk Accounts - Custom Attributes">
      <JsonFileName>/Workflows/BulkAccounts-CustomAttributes-E8000B3C-FE83-EE11-8179-000D3A1E0B31.json</JsonFileName>
      <Type>1</Type>
      <Subprocess>0</Subprocess>
      <Category>5</Category>
      <Mode>0</Mode>
      <Scope>4</Scope>
      <OnDemand>0</OnDemand>
      <TriggerOnCreate>0</TriggerOnCreate>
      <TriggerOnDelete>0</TriggerOnDelete>
      <AsyncAutodelete>0</AsyncAutodelete>
      <SyncWorkflowLogOnFailure>0</SyncWorkflowLogOnFailure>
      <StateCode>0</StateCode>
      <StatusCode>1</StatusCode>
      <RunAs>1</RunAs>
      <IsTransacted>1</IsTransacted>
      <IntroducedVersion>1.0.0.0</IntroducedVersion>
      <IsCustomizable>1</IsCustomizable>
      <BusinessProcessType>0</BusinessProcessType>
      <IsCustomProcessingStepAllowedForOtherPublishers>1</IsCustomProcessingStepAllowedForOtherPublishers>
      <PrimaryEntity>none</PrimaryEntity>
      <LocalizedNames>
        <LocalizedName languagecode="1033" description="Bulk Accounts - Custom Attributes" />
      </LocalizedNames>
    </Workflow>
    <Workflow WorkflowId="{d608536c-c287-ee11-be37-000d3a1e0b31}" Name="Bulk Accounts - Get All Users">
      <JsonFileName>/Workflows/BulkAccounts-GetAllUsers-D608536C-C287-EE11-BE37-000D3A1E0B31.json</JsonFileName>
      <Type>1</Type>
      <Subprocess>0</Subprocess>
      <Category>5</Category>
      <Mode>0</Mode>
      <Scope>4</Scope>
      <OnDemand>0</OnDemand>
      <TriggerOnCreate>0</TriggerOnCreate>
      <TriggerOnDelete>0</TriggerOnDelete>
      <AsyncAutodelete>0</AsyncAutodelete>
      <SyncWorkflowLogOnFailure>0</SyncWorkflowLogOnFailure>
      <StateCode>0</StateCode>
      <StatusCode>1</StatusCode>
      <RunAs>1</RunAs>
      <IsTransacted>1</IsTransacted>
      <IntroducedVersion>1.0.0.0</IntroducedVersion>
      <IsCustomizable>1</IsCustomizable>
      <BusinessProcessType>0</BusinessProcessType>
      <IsCustomProcessingStepAllowedForOtherPublishers>1</IsCustomProcessingStepAllowedForOtherPublishers>
      <PrimaryEntity>none</PrimaryEntity>
      <LocalizedNames>
        <LocalizedName languagecode="1033" description="Bulk Accounts - Get All Users" />
      </LocalizedNames>
    </Workflow>
    <Workflow WorkflowId="{b1d4bfe7-1e48-ee11-be6e-000d3a1e0b31}" Name="Get - All Users Report">
      <JsonFileName>/Workflows/Get-AllUsersReport-B1D4BFE7-1E48-EE11-BE6E-000D3A1E0B31.json</JsonFileName>
      <Type>1</Type>
      <Subprocess>0</Subprocess>
      <Category>5</Category>
      <Mode>0</Mode>
      <Scope>4</Scope>
      <OnDemand>0</OnDemand>
      <TriggerOnCreate>0</TriggerOnCreate>
      <TriggerOnDelete>0</TriggerOnDelete>
      <AsyncAutodelete>0</AsyncAutodelete>
      <SyncWorkflowLogOnFailure>0</SyncWorkflowLogOnFailure>
      <StateCode>1</StateCode>
      <StatusCode>2</StatusCode>
      <RunAs>1</RunAs>
      <IsTransacted>1</IsTransacted>
      <IntroducedVersion>1.0.0.0</IntroducedVersion>
      <IsCustomizable>1</IsCustomizable>
      <BusinessProcessType>0</BusinessProcessType>
      <IsCustomProcessingStepAllowedForOtherPublishers>1</IsCustomProcessingStepAllowedForOtherPublishers>
      <PrimaryEntity>none</PrimaryEntity>
      <LocalizedNames>
        <LocalizedName languagecode="1033" description="Get - All Users Report" />
      </LocalizedNames>
    </Workflow>
    <Workflow WorkflowId="{c73790a2-db7b-ed11-81ad-000d3a8b13eb}" Name="Validate AD User">
      <JsonFileName>/Workflows/ValidateADUser-C73790A2-DB7B-ED11-81AD-000D3A8B13EB.json</JsonFileName>
      <Type>1</Type>
      <Subprocess>0</Subprocess>
      <Category>5</Category>
      <Mode>0</Mode>
      <Scope>4</Scope>
      <OnDemand>0</OnDemand>
      <TriggerOnCreate>0</TriggerOnCreate>
      <TriggerOnDelete>0</TriggerOnDelete>
      <AsyncAutodelete>0</AsyncAutodelete>
      <SyncWorkflowLogOnFailure>0</SyncWorkflowLogOnFailure>
      <StateCode>1</StateCode>
      <StatusCode>2</StatusCode>
      <RunAs>1</RunAs>
      <IsTransacted>1</IsTransacted>
      <IntroducedVersion>1.0.0.0</IntroducedVersion>
      <IsCustomizable>1</IsCustomizable>
      <BusinessProcessType>0</BusinessProcessType>
      <IsCustomProcessingStepAllowedForOtherPublishers>1</IsCustomProcessingStepAllowedForOtherPublishers>
      <PrimaryEntity>none</PrimaryEntity>
      <LocalizedNames>
        <LocalizedName languagecode="1033" description="Validate AD User" />
      </LocalizedNames>
    </Workflow>
    <Workflow WorkflowId="{611be07a-e074-ed11-81ad-000d3a8b1970}" Name="Graph Custom Connector API Wrapper">
      <JsonFileName>/Workflows/GraphCustomConnectorAPIWrapper-611BE07A-E074-ED11-81AD-000D3A8B1970.json</JsonFileName>
      <Type>1</Type>
      <Subprocess>0</Subprocess>
      <Category>5</Category>
      <Mode>0</Mode>
      <Scope>4</Scope>
      <OnDemand>0</OnDemand>
      <TriggerOnCreate>0</TriggerOnCreate>
      <TriggerOnDelete>0</TriggerOnDelete>
      <AsyncAutodelete>0</AsyncAutodelete>
      <SyncWorkflowLogOnFailure>0</SyncWorkflowLogOnFailure>
      <StateCode>1</StateCode>
      <StatusCode>2</StatusCode>
      <RunAs>1</RunAs>
      <IsTransacted>1</IsTransacted>
      <IntroducedVersion>1.0.0.0</IntroducedVersion>
      <IsCustomizable>1</IsCustomizable>
      <BusinessProcessType>0</BusinessProcessType>
      <IsCustomProcessingStepAllowedForOtherPublishers>1</IsCustomProcessingStepAllowedForOtherPublishers>
      <PrimaryEntity>none</PrimaryEntity>
      <LocalizedNames>
        <LocalizedName languagecode="1033" description="Graph Custom Connector API Wrapper" />
      </LocalizedNames>
    </Workflow>
    <Workflow WorkflowId="{59f34468-ca74-ed11-81ad-000d3a9dc2c0}" Name="List Available SKUs">
      <JsonFileName>/Workflows/ListAvailableSKUs-59F34468-CA74-ED11-81AD-000D3A9DC2C0.json</JsonFileName>
      <Type>1</Type>
      <Subprocess>0</Subprocess>
      <Category>5</Category>
      <Mode>0</Mode>
      <Scope>4</Scope>
      <OnDemand>0</OnDemand>
      <TriggerOnCreate>0</TriggerOnCreate>
      <TriggerOnDelete>0</TriggerOnDelete>
      <AsyncAutodelete>0</AsyncAutodelete>
      <SyncWorkflowLogOnFailure>0</SyncWorkflowLogOnFailure>
      <StateCode>1</StateCode>
      <StatusCode>2</StatusCode>
      <RunAs>1</RunAs>
      <IsTransacted>1</IsTransacted>
      <IntroducedVersion>1.0.0.0</IntroducedVersion>
      <IsCustomizable>1</IsCustomizable>
      <BusinessProcessType>0</BusinessProcessType>
      <IsCustomProcessingStepAllowedForOtherPublishers>1</IsCustomProcessingStepAllowedForOtherPublishers>
      <PrimaryEntity>none</PrimaryEntity>
      <LocalizedNames>
        <LocalizedName languagecode="1033" description="List Available SKUs" />
      </LocalizedNames>
    </Workflow>
    <Workflow WorkflowId="{2a76c0a8-a70b-ee11-8f6e-0022482c4d51}" Name="Temp - Testing New Flow For Incoming Requests">
      <JsonFileName>/Workflows/Temp-TestingNewFlowForIncomingRequests-2A76C0A8-A70B-EE11-8F6E-0022482C4D51.json</JsonFileName>
      <Type>1</Type>
      <Subprocess>0</Subprocess>
      <Category>5</Category>
      <Mode>0</Mode>
      <Scope>4</Scope>
      <OnDemand>0</OnDemand>
      <TriggerOnCreate>0</TriggerOnCreate>
      <TriggerOnDelete>0</TriggerOnDelete>
      <AsyncAutodelete>0</AsyncAutodelete>
      <SyncWorkflowLogOnFailure>0</SyncWorkflowLogOnFailure>
      <StateCode>1</StateCode>
      <StatusCode>2</StatusCode>
      <RunAs>1</RunAs>
      <IsTransacted>1</IsTransacted>
      <IntroducedVersion>1.0.0.0</IntroducedVersion>
      <IsCustomizable>1</IsCustomizable>
      <BusinessProcessType>0</BusinessProcessType>
      <IsCustomProcessingStepAllowedForOtherPublishers>1</IsCustomProcessingStepAllowedForOtherPublishers>
      <PrimaryEntity>none</PrimaryEntity>
      <LocalizedNames>
        <LocalizedName languagecode="1033" description="Temp - Testing New Flow For Incoming Requests" />
      </LocalizedNames>
    </Workflow>
  </Workflows>
  <FieldSecurityProfiles></FieldSecurityProfiles>
  <Templates />
  <EntityMaps />
  <EntityRelationships />
  <OrganizationSettings />
  <optionsets />
  <CustomControls />
  <EntityDataProviders />
  <CanvasApps>
    <CanvasApp>
      <Name>bacsa_pfecrmonlinetenantmanagement_755c8</Name>
      <AppVersion>2023-06-28T13:01:28Z</AppVersion>
      <Status>Ready</Status>
      <CreatedByClientVersion>3.23064.11.0</CreatedByClientVersion>
      <MinClientVersion>3.23064.11.0</MinClientVersion>
      <Tags>{"primaryDeviceWidth":"1366","primaryDeviceHeight":"768","supportsPortrait":"true","supportsLandscape":"true","primaryFormFactor":"Tablet","publisherVersion":"3.23064.11","minimumRequiredApiVersion":"2.2.0","hasComponent":"true","hasUnlockedComponent":"true","isUnifiedRootApp":"false","sienaVersion":"20230627T121837Z-3.23063.9.0"}</Tags>
      <IsCdsUpgraded>0</IsCdsUpgraded>
      <GalleryItemId xsi:nil="true"></GalleryItemId>
      <BackgroundColor>RGBA(0,176,240,1)</BackgroundColor>
      <DisplayName>PFECRMOnline Tenant Management</DisplayName>
      <Description xsi:nil="true"></Description>
      <CommitMessage xsi:nil="true"></CommitMessage>
      <Publisher xsi:nil="true"></Publisher>
      <AuthorizationReferences>[]</AuthorizationReferences>
      <ConnectionReferences>{"099874df-90d7-4580-93c9-b3fcecfc560f":{"id":"/providers/microsoft.powerapps/apis/shared_logicflows","displayName":"Logic flows","iconUri":"https://connectoricons-prod.azureedge.net/releases/v1.0.1636/1.0.1636.3297/logicflows/icon.png","dataSources":["ListAvailableSKUs"],"dependencies":[],"dependents":[],"parameterHints":{"workflowName":{"value":"18d531e4-5135-4c5c-a8cd-108c18681882"},"workflowEntityId":{"value":"59f34468-ca74-ed11-81ad-000d3a9dc2c0"}},"parameterHintsV2":{"workflowName":{"value":"18d531e4-5135-4c5c-a8cd-108c18681882"},"workflowEntityId":{"value":"59f34468-ca74-ed11-81ad-000d3a9dc2c0"}},"isOnPremiseConnection":false,"bypassConsent":false,"dataSets":{},"apiTier":"Standard","actions":["Run"]},"0e273cb0-a6ba-49e0-93a5-d7b6d2073609":{"id":"/providers/microsoft.powerapps/apis/shared_office365users","displayName":"Office 365 Users","iconUri":"https://connectoricons-prod.azureedge.net/u/laborbol/partial-builds/390724148/1.0.1641.3327/office365users/icon.png","dataSources":["Office365Users"],"dependencies":[],"dependents":[],"parameterHints":{},"parameterHintsV2":{},"isOnPremiseConnection":false,"bypassConsent":false,"dataSets":{},"apiTier":"Standard","actions":["UserProfile_V2","SearchUser"]},"b674baf6-cd7b-457b-a9b1-486e1d9a239d":{"id":"/providers/microsoft.powerapps/apis/shared_logicflows","displayName":"Logic flows","iconUri":"https://connectoricons-prod.azureedge.net/releases/v1.0.1636/1.0.1636.3297/logicflows/icon.png","dataSources":["ValidateADUser"],"dependencies":["718d413a-ef5e-43f3-ad42-00793ad61a05"],"dependents":[],"parameterHints":{"workflowName":{"value":"3e857d5e-efcd-4857-b5c4-2bf45f0ccc79"},"workflowEntityId":{"value":"c73790a2-db7b-ed11-81ad-000d3a8b13eb"},"718d413a-ef5e-43f3-ad42-00793ad61a05":{"value":"shared_office365users"}},"parameterHintsV2":{"workflowName":{"value":"3e857d5e-efcd-4857-b5c4-2bf45f0ccc79"},"workflowEntityId":{"value":"c73790a2-db7b-ed11-81ad-000d3a8b13eb"},"shared_office365users":{"value":"718d413a-ef5e-43f3-ad42-00793ad61a05"}},"isOnPremiseConnection":false,"bypassConsent":false,"dataSets":{},"apiTier":"Standard","actions":["Run"]},"718d413a-ef5e-43f3-ad42-00793ad61a05":{"id":"/providers/microsoft.powerapps/apis/shared_office365users","displayName":"Office 365 Users","iconUri":"https://connectoricons-prod.azureedge.net/u/laborbol/partial-builds/390724148/1.0.1641.3327/office365users/icon.png","dataSources":[],"dependencies":[],"dependents":["b674baf6-cd7b-457b-a9b1-486e1d9a239d"],"parameterHints":{},"parameterHintsV2":{},"isOnPremiseConnection":false,"bypassConsent":false,"dataSets":{},"apiTier":"Standard"},"368e0ab8-f247-4350-89e2-9a1d80a81261":{"id":"/providers/microsoft.powerapps/apis/shared_logicflows","displayName":"Logic flows","iconUri":"https://connectoricons-prod.azureedge.net/releases/v1.0.1636/1.0.1636.3297/logicflows/icon.png","dataSources":["Temp-TestingNewFlowForIncomingRequests"],"dependencies":[],"dependents":[],"parameterHints":{"workflowName":{"value":"6fd6c0aa-fe10-4ba3-b780-0c483632c8fd"},"workflowEntityId":{"value":"2a76c0a8-a70b-ee11-8f6e-0022482c4d51"}},"parameterHintsV2":{"workflowName":{"value":"6fd6c0aa-fe10-4ba3-b780-0c483632c8fd"},"workflowEntityId":{"value":"2a76c0a8-a70b-ee11-8f6e-0022482c4d51"}},"isOnPremiseConnection":false,"bypassConsent":false,"dataSets":{},"apiTier":"Standard","actions":["Run"]}}</ConnectionReferences>
      <DatabaseReferences>{}</DatabaseReferences>
      <AppComponents>[]</AppComponents>
      <AppComponentDependencies>[]</AppComponentDependencies>
      <CanConsumeAppPass>1</CanConsumeAppPass>
      <CanvasAppType>0</CanvasAppType>
      <BypassConsent>0</BypassConsent>
      <AdminControlBypassConsent>0</AdminControlBypassConsent>
      <EmbeddedApp xsi:nil="true"></EmbeddedApp>
      <IntroducedVersion>1.0</IntroducedVersion>
      <CdsDependencies>{"cdsdependencies":[{"dependencyid":"59f34468-ca74-ed11-81ad-000d3a9dc2c0","componenttype":29,"componenttypeplatformname":"Workflow"},{"dependencyid":"c73790a2-db7b-ed11-81ad-000d3a8b13eb","componenttype":29,"componenttypeplatformname":"Workflow"},{"dependencyid":"2a76c0a8-a70b-ee11-8f6e-0022482c4d51","componenttype":29,"componenttypeplatformname":"Workflow"}]}</CdsDependencies>
      <IsCustomizable>1</IsCustomizable>
      <BackgroundImageUri>/CanvasApps/bacsa_pfecrmonlinetenantmanagement_755c8_BackgroundImageUri</BackgroundImageUri>
      <DocumentUri>/CanvasApps/bacsa_pfecrmonlinetenantmanagement_755c8_DocumentUri.msapp</DocumentUri>
    </CanvasApp>
    <CanvasApp>
      <Name>bacsa_pfecrmonlinetenantmanagementv2_84700</Name>
      <AppVersion>2023-12-19T20:12:29Z</AppVersion>
      <Status>Ready</Status>
      <CreatedByClientVersion>3.23123.8.0</CreatedByClientVersion>
      <MinClientVersion>3.23123.8.0</MinClientVersion>
      <Tags>{"primaryDeviceWidth":"1366","primaryDeviceHeight":"768","supportsPortrait":"true","supportsLandscape":"true","primaryFormFactor":"Tablet","showStatusBar":"false","publisherVersion":"3.23123.8","minimumRequiredApiVersion":"2.2.0","hasComponent":"true","hasUnlockedComponent":"true","isUnifiedRootApp":"false","sienaVersion":"20231128T231319Z-3.23114.7.0","offlineLargeFilesSupport":"false"}</Tags>
      <IsCdsUpgraded>0</IsCdsUpgraded>
      <GalleryItemId xsi:nil="true"></GalleryItemId>
      <BackgroundColor>RGBA(0,176,240,1)</BackgroundColor>
      <DisplayName>PFECRMOnline Tenant Management v2</DisplayName>
      <Description xsi:nil="true"></Description>
      <CommitMessage xsi:nil="true"></CommitMessage>
      <Publisher xsi:nil="true"></Publisher>
      <AuthorizationReferences>[]</AuthorizationReferences>
      <ConnectionReferences>{"0061509c-0c4c-42b7-b184-f0be6daaf428":{"id":"/providers/microsoft.powerapps/apis/shared_office365users","displayName":"Office 365 Users","iconUri":"https://connectoricons-prod.azureedge.net/releases/v1.0.1664/1.0.1664.3477/office365users/icon.png","dataSources":["Office365Users"],"dependencies":[],"dependents":[],"parameterHints":{},"parameterHintsV2":{},"isOnPremiseConnection":false,"bypassConsent":false,"dataSets":{},"apiTier":"Standard","actions":["UserProfile_V2","Manager_V2","SearchUser","UserPhoto_V2"]},"857ccbd1-97e2-41fc-bbb0-6dcea2f85cc3":{"id":"/providers/microsoft.powerapps/apis/shared_logicflows","displayName":"Logic flows","iconUri":"https://connectoricons-prod.azureedge.net/releases/v1.0.1664/1.0.1664.3477/logicflows/icon.png","dataSources":["ValidateADUser"],"dependencies":["bb6baa57-5f7e-4a5e-b915-37938cb17ed1"],"dependents":[],"parameterHints":{"workflowName":{"value":"794e9b61-d6ae-4ef7-944a-2d7222ceabd7"},"workflowEntityId":{"value":"c73790a2-db7b-ed11-81ad-000d3a8b13eb"},"bb6baa57-5f7e-4a5e-b915-37938cb17ed1":{"value":"shared_office365users"}},"parameterHintsV2":{"workflowName":{"value":"794e9b61-d6ae-4ef7-944a-2d7222ceabd7"},"workflowEntityId":{"value":"c73790a2-db7b-ed11-81ad-000d3a8b13eb"},"shared_office365users":{"value":"bb6baa57-5f7e-4a5e-b915-37938cb17ed1"}},"isOnPremiseConnection":false,"bypassConsent":false,"dataSets":{},"apiTier":"Standard","actions":["Run"]},"bb6baa57-5f7e-4a5e-b915-37938cb17ed1":{"id":"/providers/microsoft.powerapps/apis/shared_office365users","displayName":"Office 365 Users","iconUri":"https://connectoricons-prod.azureedge.net/releases/v1.0.1664/1.0.1664.3477/office365users/icon.png","dataSources":[],"dependencies":[],"dependents":["857ccbd1-97e2-41fc-bbb0-6dcea2f85cc3"],"parameterHints":{},"parameterHintsV2":{},"isOnPremiseConnection":false,"bypassConsent":false,"dataSets":{},"apiTier":"Standard"},"fcaf90d9-5d1a-4990-9b19-70821a96a39c":{"id":"/providers/microsoft.powerapps/apis/shared_logicflows","displayName":"Logic flows","iconUri":"https://connectoricons-prod.azureedge.net/releases/v1.0.1664/1.0.1664.3477/logicflows/icon.png","dataSources":["Temp-TestingNewFlowForIncomingRequests"],"dependencies":[],"dependents":[],"parameterHints":{"workflowName":{"value":"2e7d6515-ee33-4c04-9369-ac8467479037"},"workflowEntityId":{"value":"2a76c0a8-a70b-ee11-8f6e-0022482c4d51"}},"parameterHintsV2":{"workflowName":{"value":"2e7d6515-ee33-4c04-9369-ac8467479037"},"workflowEntityId":{"value":"2a76c0a8-a70b-ee11-8f6e-0022482c4d51"}},"isOnPremiseConnection":false,"bypassConsent":false,"dataSets":{},"apiTier":"Standard","actions":["Run"]}}</ConnectionReferences>
      <DatabaseReferences>{"default.cds":{"databaseDetails":{"referenceType":"Environmental","environmentName":"default.cds","overrideValues":{"status":"NotSpecified"}},"dataSources":{"Environment Variable Values":{"entitySetName":"environmentvariablevalues","logicalName":"environmentvariablevalue"}}}}</DatabaseReferences>
      <AppComponents>[]</AppComponents>
      <AppComponentDependencies>[]</AppComponentDependencies>
      <CanConsumeAppPass>1</CanConsumeAppPass>
      <CanvasAppType>0</CanvasAppType>
      <BypassConsent>0</BypassConsent>
      <AdminControlBypassConsent>0</AdminControlBypassConsent>
      <EmbeddedApp xsi:nil="true"></EmbeddedApp>
      <IntroducedVersion>1.0</IntroducedVersion>
      <CdsDependencies>{"cdsdependencies":[{"dependencyid":"c73790a2-db7b-ed11-81ad-000d3a8b13eb","componenttype":29,"componenttypeplatformname":"Workflow"},{"dependencyid":"2a76c0a8-a70b-ee11-8f6e-0022482c4d51","componenttype":29,"componenttypeplatformname":"Workflow"},{"logicalname":"environmentvariablevalue","componenttype":1}]}</CdsDependencies>
      <IsCustomizable>1</IsCustomizable>
      <BackgroundImageUri>/CanvasApps/bacsa_pfecrmonlinetenantmanagementv2_84700_BackgroundImageUri</BackgroundImageUri>
      <DocumentUri>/CanvasApps/bacsa_pfecrmonlinetenantmanagementv2_84700_DocumentUri.msapp</DocumentUri>
      <AdditionalUris>
        <AdditionalUri>/CanvasApps/bacsa_pfecrmonlinetenantmanagementv2_84700_AdditionalUris0_identity.json</AdditionalUri>
      </AdditionalUris>
    </CanvasApp>
  </CanvasApps>
  <Connectors>
    <Connector>
      <connectorid>243d6a82-91db-49e5-97cd-452750800ed0</connectorid>
      <description></description>
      <displayname>PFECRMOnlineHelper</displayname>
      <iconbrandcolor>#007ee5</iconbrandcolor>
      <name>bacsa_5Fpfecrmonlinehelper</name>
      <connectortype>1</connectortype>
      <openapidefinition>/Connector/bacsa_5Fpfecrmonlinehelper_openapidefinition.json</openapidefinition>
      <connectionparameters>/Connector/bacsa_5Fpfecrmonlinehelper_connectionparameters.json</connectionparameters>
      <policytemplateinstances>/Connector/bacsa_5Fpfecrmonlinehelper_policytemplateinstances.json</policytemplateinstances>
      <iconblob>/Connector/bacsa_5Fpfecrmonlinehelper_iconblob.Png</iconblob>
    </Connector>
  </Connectors>
  <connectionreferences>
    <connectionreference connectionreferencelogicalname="bacsa_AzureADConnection">
      <connectionreferencedisplayname>Azure AD Connection</connectionreferencedisplayname>
      <connectorid>/providers/Microsoft.PowerApps/apis/shared_azuread</connectorid>
      <iscustomizable>1</iscustomizable>
      <statecode>0</statecode>
      <statuscode>1</statuscode>
    </connectionreference>
  </connectionreferences>
  <Languages>
    <Language>1033</Language>
  </Languages>
</ImportExportXml>