<ImportExportXml version="9.2.24052.160" SolutionPackageVersion="9.2" languagecode="1033" generatedBy="CrmLive" xmlns:xsi="http://www.w3.org/2001/XMLSchema-instance">
  <SolutionManifest>
    <UniqueName>TenantInventory</UniqueName>
    <LocalizedNames>
      <LocalizedName description="Tenant Inventory" languagecode="1033" />
    </LocalizedNames>
    <Descriptions />
    <Version>1.0.0.0</Version>
    <Managed>0</Managed>
    <Publisher>
      <UniqueName>BizAppsCSA</UniqueName>
      <LocalizedNames>
        <LocalizedName description="BizApps CSA" languagecode="1033" />
      </LocalizedNames>
      <Descriptions />
      <EMailAddress xsi:nil="true"></EMailAddress>
      <SupportingWebsiteUrl xsi:nil="true"></SupportingWebsiteUrl>
      <CustomizationPrefix>bacsa</CustomizationPrefix>
      <CustomizationOptionValuePrefix>55826</CustomizationOptionValuePrefix>
      <Addresses>
        <Address>
          <AddressNumber>1</AddressNumber>
          <AddressTypeCode>1</AddressTypeCode>
          <City xsi:nil="true"></City>
          <County xsi:nil="true"></County>
          <Country xsi:nil="true"></Country>
          <Fax xsi:nil="true"></Fax>
          <FreightTermsCode xsi:nil="true"></FreightTermsCode>
          <ImportSequenceNumber xsi:nil="true"></ImportSequenceNumber>
          <Latitude xsi:nil="true"></Latitude>
          <Line1 xsi:nil="true"></Line1>
          <Line2 xsi:nil="true"></Line2>
          <Line3 xsi:nil="true"></Line3>
          <Longitude xsi:nil="true"></Longitude>
          <Name xsi:nil="true"></Name>
          <PostalCode xsi:nil="true"></PostalCode>
          <PostOfficeBox xsi:nil="true"></PostOfficeBox>
          <PrimaryContactName xsi:nil="true"></PrimaryContactName>
          <ShippingMethodCode>1</ShippingMethodCode>
          <StateOrProvince xsi:nil="true"></StateOrProvince>
          <Telephone1 xsi:nil="true"></Telephone1>
          <Telephone2 xsi:nil="true"></Telephone2>
          <Telephone3 xsi:nil="true"></Telephone3>
          <TimeZoneRuleVersionNumber xsi:nil="true"></TimeZoneRuleVersionNumber>
          <UPSZone xsi:nil="true"></UPSZone>
          <UTCOffset xsi:nil="true"></UTCOffset>
          <UTCConversionTimeZoneCode xsi:nil="true"></UTCConversionTimeZoneCode>
        </Address>
        <Address>
          <AddressNumber>2</AddressNumber>
          <AddressTypeCode>1</AddressTypeCode>
          <City xsi:nil="true"></City>
          <County xsi:nil="true"></County>
          <Country xsi:nil="true"></Country>
          <Fax xsi:nil="true"></Fax>
          <FreightTermsCode xsi:nil="true"></FreightTermsCode>
          <ImportSequenceNumber xsi:nil="true"></ImportSequenceNumber>
          <Latitude xsi:nil="true"></Latitude>
          <Line1 xsi:nil="true"></Line1>
          <Line2 xsi:nil="true"></Line2>
          <Line3 xsi:nil="true"></Line3>
          <Longitude xsi:nil="true"></Longitude>
          <Name xsi:nil="true"></Name>
          <PostalCode xsi:nil="true"></PostalCode>
          <PostOfficeBox xsi:nil="true"></PostOfficeBox>
          <PrimaryContactName xsi:nil="true"></PrimaryContactName>
          <ShippingMethodCode>1</ShippingMethodCode>
          <StateOrProvince xsi:nil="true"></StateOrProvince>
          <Telephone1 xsi:nil="true"></Telephone1>
          <Telephone2 xsi:nil="true"></Telephone2>
          <Telephone3 xsi:nil="true"></Telephone3>
          <TimeZoneRuleVersionNumber xsi:nil="true"></TimeZoneRuleVersionNumber>
          <UPSZone xsi:nil="true"></UPSZone>
          <UTCOffset xsi:nil="true"></UTCOffset>
          <UTCConversionTimeZoneCode xsi:nil="true"></UTCConversionTimeZoneCode>
        </Address>
      </Addresses>
    </Publisher>
    <RootComponents>
      <RootComponent type="29" id="{2a76c0a8-a70b-ee11-8f6e-0022482c4d51}" behavior="0" />
      <RootComponent type="29" id="{59f34468-ca74-ed11-81ad-000d3a9dc2c0}" behavior="0" />
      <RootComponent type="29" id="{611be07a-e074-ed11-81ad-000d3a8b1970}" behavior="0" />
      <RootComponent type="29" id="{b1d4bfe7-1e48-ee11-be6e-000d3a1e0b31}" behavior="0" />
      <RootComponent type="29" id="{c73790a2-db7b-ed11-81ad-000d3a8b13eb}" behavior="0" />
      <RootComponent type="29" id="{d608536c-c287-ee11-be37-000d3a1e0b31}" behavior="0" />
      <RootComponent type="29" id="{e8000b3c-fe83-ee11-8179-000d3a1e0b31}" behavior="0" />
      <RootComponent type="300" schemaName="bacsa_pfecrmonlinetenantmanagementv2_84700" behavior="0" />
      <RootComponent type="300" schemaName="bacsa_pfecrmonlinetenantmanagement_755c8" behavior="0" />
      <RootComponent type="372" id="{243d6a82-91db-49e5-97cd-452750800ed0}" schemaName="bacsa_5Fpfecrmonlinehelper" behavior="0" />
    </RootComponents>
    <MissingDependencies>
      <MissingDependency>
        <Required type="1" schemaName="environmentvariablevalue" displayName="Environment Variable Value" solution="EnvironmentVariables (1.0.2.297)" />
        <Dependent type="300" schemaName="bacsa_pfecrmonlinetenantmanagementv2_84700" displayName="PFECRMOnline Tenant Management v2" />
      </MissingDependency>
      <MissingDependency>
        <Required type="connectionreference" displayName="new_sharedbacsa5fpfecrmonlinehelper5f7e995d98be6020f7_4d7c7" solution="Active" id.connectionreferencelogicalname="new_sharedbacsa5fpfecrmonlinehelper5f7e995d98be6020f7_4d7c7" />
        <Dependent type="29" displayName="Bulk Accounts - Get All Users" id="{d608536c-c287-ee11-be37-000d3a1e0b31}" />
      </MissingDependency>
      <MissingDependency>
        <Required type="connectionreference" displayName="new_sharedbacsa5fpfecrmonlinehelper5f7e995d98be6020f7_4d7c7" solution="Active" id.connectionreferencelogicalname="new_sharedbacsa5fpfecrmonlinehelper5f7e995d98be6020f7_4d7c7" />
        <Dependent type="29" displayName="Bulk Accounts - Custom Attributes" id="{e8000b3c-fe83-ee11-8179-000d3a1e0b31}" />
      </MissingDependency>
      <MissingDependency>
        <Required type="connectionreference" displayName="new_sharedoffice365users_ac454" solution="Active" id.connectionreferencelogicalname="new_sharedoffice365users_ac454" />
        <Dependent type="29" displayName="Get - All Users Report" id="{b1d4bfe7-1e48-ee11-be6e-000d3a1e0b31}" />
      </MissingDependency>
      <MissingDependency>
        <Required type="connectionreference" displayName="new_sharedoffice365users_ac454" solution="Active" id.connectionreferencelogicalname="new_sharedoffice365users_ac454" />
        <Dependent type="29" displayName="Validate AD User" id="{c73790a2-db7b-ed11-81ad-000d3a8b13eb}" />
      </MissingDependency>
      <MissingDependency>
        <Required type="connectionreference" displayName="ralop_sharedsharepointonline_348c0" solution="Active" id.connectionreferencelogicalname="ralop_sharedsharepointonline_348c0" />
        <Dependent type="29" displayName="Bulk Accounts - Custom Attributes" id="{e8000b3c-fe83-ee11-8179-000d3a1e0b31}" />
      </MissingDependency>
      <MissingDependency>
        <Required type="connectionreference" displayName="ralop_TestOutlookConnection" solution="Active" id.connectionreferencelogicalname="ralop_TestOutlookConnection" />
        <Dependent type="29" displayName="Get - All Users Report" id="{b1d4bfe7-1e48-ee11-be6e-000d3a1e0b31}" />
      </MissingDependency>
    </MissingDependencies>
  </SolutionManifest>
</ImportExportXml>