<ImportExportXml version="9.2.25044.210" SolutionPackageVersion="9.2" languagecode="1033" generatedBy="CrmLive" xmlns:xsi="http://www.w3.org/2001/XMLSchema-instance" OrganizationVersion="9.2.25044.210" OrganizationSchemaType="Standard" CRMServerServiceabilityVersion="9.2.25044.00210">
  <SolutionManifest>
    <UniqueName>TenantInventory</UniqueName>
    <LocalizedNames>
      <LocalizedName description="Tenant Inventory" languagecode="1033" />
    </LocalizedNames>
    <Descriptions />
    <Version>1.0.0.2</Version>
    <Managed>0</Managed>
    <Publisher>
      <UniqueName>BizAppsCSA</UniqueName>
      <LocalizedNames>
        <LocalizedName description="BizApps CSA" languagecode="1033" />
      </LocalizedNames>
      <Descriptions />
      <EMailAddress xsi:nil="true"></EMailAddress>
      <SupportingWebsiteUrl xsi:nil="true"></SupportingWebsiteUrl>
      <CustomizationPrefix>bacsa</CustomizationPrefix>
      <CustomizationOptionValuePrefix>55826</CustomizationOptionValuePrefix>
      <Addresses>
        <Address>
          <AddressNumber>1</AddressNumber>
          <AddressTypeCode>1</AddressTypeCode>
          <City xsi:nil="true"></City>
          <County xsi:nil="true"></County>
          <Country xsi:nil="true"></Country>
          <Fax xsi:nil="true"></Fax>
          <FreightTermsCode xsi:nil="true"></FreightTermsCode>
          <ImportSequenceNumber xsi:nil="true"></ImportSequenceNumber>
          <Latitude xsi:nil="true"></Latitude>
          <Line1 xsi:nil="true"></Line1>
          <Line2 xsi:nil="true"></Line2>
          <Line3 xsi:nil="true"></Line3>
          <Longitude xsi:nil="true"></Longitude>
          <Name xsi:nil="true"></Name>
          <PostalCode xsi:nil="true"></PostalCode>
          <PostOfficeBox xsi:nil="true"></PostOfficeBox>
          <PrimaryContactName xsi:nil="true"></PrimaryContactName>
          <ShippingMethodCode>1</ShippingMethodCode>
          <StateOrProvince xsi:nil="true"></StateOrProvince>
          <Telephone1 xsi:nil="true"></Telephone1>
          <Telephone2 xsi:nil="true"></Telephone2>
          <Telephone3 xsi:nil="true"></Telephone3>
          <TimeZoneRuleVersionNumber xsi:nil="true"></TimeZoneRuleVersionNumber>
          <UPSZone xsi:nil="true"></UPSZone>
          <UTCOffset xsi:nil="true"></UTCOffset>
          <UTCConversionTimeZoneCode xsi:nil="true"></UTCConversionTimeZoneCode>
        </Address>
        <Address>
          <AddressNumber>2</AddressNumber>
          <AddressTypeCode>1</AddressTypeCode>
          <City xsi:nil="true"></City>
          <County xsi:nil="true"></County>
          <Country xsi:nil="true"></Country>
          <Fax xsi:nil="true"></Fax>
          <FreightTermsCode xsi:nil="true"></FreightTermsCode>
          <ImportSequenceNumber xsi:nil="true"></ImportSequenceNumber>
          <Latitude xsi:nil="true"></Latitude>
          <Line1 xsi:nil="true"></Line1>
          <Line2 xsi:nil="true"></Line2>
          <Line3 xsi:nil="true"></Line3>
          <Longitude xsi:nil="true"></Longitude>
          <Name xsi:nil="true"></Name>
          <PostalCode xsi:nil="true"></PostalCode>
          <PostOfficeBox xsi:nil="true"></PostOfficeBox>
          <PrimaryContactName xsi:nil="true"></PrimaryContactName>
          <ShippingMethodCode>1</ShippingMethodCode>
          <StateOrProvince xsi:nil="true"></StateOrProvince>
          <Telephone1 xsi:nil="true"></Telephone1>
          <Telephone2 xsi:nil="true"></Telephone2>
          <Telephone3 xsi:nil="true"></Telephone3>
          <TimeZoneRuleVersionNumber xsi:nil="true"></TimeZoneRuleVersionNumber>
          <UPSZone xsi:nil="true"></UPSZone>
          <UTCOffset xsi:nil="true"></UTCOffset>
          <UTCConversionTimeZoneCode xsi:nil="true"></UTCConversionTimeZoneCode>
        </Address>
      </Addresses>
    </Publisher>
    <RootComponents>
      <RootComponent type="1" schemaName="aaduser" behavior="1" />
      <RootComponent type="1" schemaName="bacsa_approvedmanagers" behavior="0" />
      <RootComponent type="29" id="{2a76c0a8-a70b-ee11-8f6e-0022482c4d51}" behavior="0" />
      <RootComponent type="29" id="{59f34468-ca74-ed11-81ad-000d3a9dc2c0}" behavior="0" />
      <RootComponent type="29" id="{611be07a-e074-ed11-81ad-000d3a8b1970}" behavior="0" />
      <RootComponent type="29" id="{76d135d8-2c21-f011-9989-000d3a5b7e81}" behavior="0" />
      <RootComponent type="29" id="{b1d4bfe7-1e48-ee11-be6e-000d3a1e0b31}" behavior="0" />
      <RootComponent type="29" id="{c73790a2-db7b-ed11-81ad-000d3a8b13eb}" behavior="0" />
      <RootComponent type="29" id="{d608536c-c287-ee11-be37-000d3a1e0b31}" behavior="0" />
      <RootComponent type="29" id="{e8000b3c-fe83-ee11-8179-000d3a1e0b31}" behavior="0" />
      <RootComponent type="29" id="{fd9ed223-7c28-f011-8c4e-6045bd082de2}" behavior="0" />
      <RootComponent type="300" schemaName="bacsa_pfecrmonlinetenantmanagementv2_84700" behavior="0" />
      <RootComponent type="300" schemaName="bacsa_pfecrmonlinetenantmanagement_755c8" behavior="0" />
      <RootComponent type="300" schemaName="bacsa_pfetenantmanagementv3_2dd8f" behavior="0" />
      <RootComponent type="372" id="{a9791588-2c2d-4b6e-9dd7-614834b5e2a2}" schemaName="bacsa_5Fbizappscsatenanthelper" behavior="0" />
      <RootComponent type="372" id="{243d6a82-91db-49e5-97cd-452750800ed0}" schemaName="bacsa_5Fpfecrmonlinehelper" behavior="0" />
    </RootComponents>
    <MissingDependencies>
      <MissingDependency>
        <Required type="1" schemaName="aaduser" displayName="Microsoft Entra ID" solution="MetadataExtension (1.0.2.109)">
          <package appName="Data Modeling Extensions Package" version="1.0.0.34">msft_AsyncAttributeMetadataApp (1.0.0.34)</package>
        </Required>
        <Dependent type="1" schemaName="aaduser" displayName="Microsoft Entra ID" />
      </MissingDependency>
      <MissingDependency>
        <Required type="1" schemaName="environmentvariabledefinition" displayName="Environment Variable Definition" solution="EnvironmentVariables (1.0.2406.4)">
          <package appName="EnvironmentVariables" version="1.0.2406.4">EnvironmentVariablesSolutionAnchor (1.0.2406.4)</package>
        </Required>
        <Dependent type="300" schemaName="bacsa_pfecrmonlinetenantmanagementv2_84700" displayName="PFECRMOnline Tenant Management v2" />
      </MissingDependency>
      <MissingDependency>
        <Required type="1" schemaName="environmentvariablevalue" displayName="Environment Variable Value" solution="EnvironmentVariables (1.0.2406.4)">
          <package appName="EnvironmentVariables" version="1.0.2406.4">EnvironmentVariablesSolutionAnchor (1.0.2406.4)</package>
        </Required>
        <Dependent type="300" schemaName="bacsa_pfecrmonlinetenantmanagementv2_84700" displayName="PFECRMOnline Tenant Management v2" />
      </MissingDependency>
      <MissingDependency>
        <Required type="29" displayName="Get Users No Longer Here" solution="Active" id="{53f9cb0a-d440-f011-877a-000d3a37459e}" />
        <Dependent type="300" schemaName="bacsa_pfetenantmanagementv3_2dd8f" displayName="PFETenant Management V3" />
      </MissingDependency>
      <MissingDependency>
        <Required type="300" schemaName="cat_powercatcomponentlibrary_0be3a" displayName="Power CAT Component Library" solution="CreatorKitCore (1.0.20250310.1)" />
        <Dependent type="300" schemaName="bacsa_pfetenantmanagementv3_2dd8f" displayName="PFETenant Management V3" />
      </MissingDependency>
      <MissingDependency>
        <Required type="connectionreference" displayName="new_sharedoffice365_9bec3" solution="Active" id.connectionreferencelogicalname="new_sharedoffice365_9bec3" />
        <Dependent type="29" displayName="Additional Request" id="{76d135d8-2c21-f011-9989-000d3a5b7e81}" />
      </MissingDependency>
    </MissingDependencies>
  </SolutionManifest>
</ImportExportXml>