{
  "properties": {
    "connectionReferences": {},
    "definition": {
      "$schema": "https://schema.management.azure.com/providers/Microsoft.Logic/schemas/2016-06-01/workflowdefinition.json#",
      "contentVersion": "1.0.0.0",
      "parameters": {
        "$authentication": {
          "defaultValue": {},
          "type": "SecureObject"
        },
        "PFECRMOnlineFlowListenerURL (bacsa_PFECRMOnlineFlowListenerURL)": {
          "defaultValue": "https://prod-165.westus.logic.azure.com:443/workflows/317d63f343bc4a849a4bdd532908f630/triggers/manual/paths/invoke?api-version=2016-06-01&sp=%2Ftriggers%2Fmanual%2Frun&sv=1.0&sig=x8CRx9jNK3dv4wmWNMMWmb5xciCSjeQ3R7xepkenr2U",
          "type": "String",
          "metadata": {
            "schemaName": "bacsa_PFECRMOnlineFlowListenerURL",
            "description": "The URL that triggers in PFECRMOnline"
          }
        }
      },
      "triggers": {
        "manual": {
          "metadata": {
            "operationMetadataId": "51644988-1deb-45e2-b943-5f54ecc92e00"
          },
          "type": "Request",
          "kind": "PowerAppV2",
          "inputs": {
            "schema": {
              "type": "object",
              "properties": {},
              "required": []
            }
          }
        }
      },
      "actions": {
        "HTTP": {
          "runAfter": {},
          "metadata": {
            "operationMetadataId": "0bb5ba56-fce4-47c2-892f-17642ff05989"
          },
          "type": "Http",
          "inputs": {
            "method": "POST",
            "uri": "@parameters('PFECRMOnlineFlowListenerURL (bacsa_PFECRMOnlineFlowListenerURL)')",
            "body": {
              "Operation": "AvailableSKUs",
              "Parameters": {
                "value1": 1,
                "value2": "string2",
                "value3": true
              }
            }
          }
        },
        "Respond_to_a_PowerApp_or_flow": {
          "runAfter": {
            "HTTP": [
              "Succeeded"
            ]
          },
          "metadata": {
            "operationMetadataId": "be5cb21c-b718-4181-9fb6-8f807c9cc98d"
          },
          "type": "Response",
          "kind": "PowerApp",
          "inputs": {
            "statusCode": 200,
            "body": {
              "result": "@{body('HTTP')}"
            },
            "schema": {
              "type": "object",
              "properties": {
                "result": {
                  "title": "result",
                  "x-ms-dynamically-added": true,
                  "type": "string"
                }
              }
            }
          }
        }
      },
      "outputs": {}
    },
    "templateName": ""
  },
  "schemaVersion": "1.0.0.0"
}