{"swagger":"2.0","info":{"title":"Default title","description":"","version":"1.0"},"host":"prod-165.westus.logic.azure.com:443","basePath":"/workflows/317d63f343bc4a849a4bdd532908f630/triggers/manual/paths/invoke","schemes":["https"],"consumes":[],"produces":[],"paths":{"/":{"post":{"responses":{"default":{"description":"default","schema":{}}},"parameters":[{"name":"api-version","in":"query","required":true,"type":"string","default":"2016-06-01","x-ms-visibility":"internal"},{"name":"sp","in":"query","required":true,"type":"string","default":"/triggers/manual/run","x-ms-visibility":"internal"},{"name":"sv","in":"query","required":true,"type":"string","default":"1.0","x-ms-visibility":"internal"},{"name":"sig","in":"query","required":true,"type":"string","default":"x8CRx9jNK3dv4wmWNMMWmb5xciCSjeQ3R7xepkenr2U","x-ms-visibility":"internal"},{"name":"body","in":"body","required":false,"schema":{"type":"object","properties":{"Area":{"type":"string","description":"Area","title":"","enum":["Licenses","UserMaintenance","Azure","PVA"]},"Operation":{"type":"string","description":"Operation"},"Parameters":{"type":"object","title":"Parameters","description":"Parameters in json object"}}}}],"summary":"PerformAction","operationId":"PerformAction"}}},"definitions":{},"parameters":{},"responses":{},"securityDefinitions":{},"security":[],"tags":[]}