{"token":{"type":"oauthSetting","oAuthSettings":{"identityProvider":"aad","clientId":"9251fced-28ed-43b2-bd22-cb9e3924de8f","scopes":["https://graph.microsoft.com/Directory.ReadWrite.All https://graph.microsoft.com/User.ReadWrite.All https://graph.microsoft.com/RoleManagement.Read.All https://graph.microsoft.com/RoleManagement.ReadWrite.Directory https://graph.microsoft.com/CustomSecAttributeAssignment.ReadWrite.All https://graph.microsoft.com/CustomSecAttributeDefinition.ReadWrite.All https://graph.microsoft.com/AuditLog.Read.All"],"redirectMode":"Global","redirectUrl":"https://global.consent.azure-apim.net/redirect","properties":{"IsFirstParty":"False","AzureActiveDirectoryResourceId":"https://graph.microsoft.com","IsOnbehalfofLoginSupported":true},"customParameters":{"loginUri":{"value":"https://login.microsoftonline.com"},"tenantId":{"value":"common"},"resourceUri":{"value":"https://graph.microsoft.com"},"enableOnbehalfOfLogin":{"value":"false"}}}},"token:TenantId":{"type":"string","metadata":{"sourceType":"AzureActiveDirectoryTenant"},"uiDefinition":{"constraints":{"required":"false","hidden":"true"}}}}