<ImportExportXml xmlns:xsi="http://www.w3.org/2001/XMLSchema-instance" OrganizationVersion="9.2.25051.192" OrganizationSchemaType="Standard" CRMServerServiceabilityVersion="9.2.25051.00192">
  <Entities></Entities>
  <Roles></Roles>
  <Workflows></Workflows>
  <FieldSecurityProfiles></FieldSecurityProfiles>
  <Templates />
  <EntityMaps />
  <EntityRelationships />
  <OrganizationSettings />
  <optionsets />
  <CustomControls />
  <EntityDataProviders />
  <Connectors>
    <Connector>
      <connectorid>9e2dc2c0-26eb-4c57-9441-2c3ed6970cd8</connectorid>
      <description>Graph Licensing Custom Connector</description>
      <displayname>Graph API Custom Connector</displayname>
      <iconbrandcolor>#007ee5</iconbrandcolor>
      <name>msftce_5Fgraph-20api-20custom-20connector</name>
      <connectortype>1</connectortype>
      <openapidefinition>/Connector/msftce_5Fgraph-20api-20custom-20connector_openapidefinition.json</openapidefinition>
      <connectionparameters>/Connector/msftce_5Fgraph-20api-20custom-20connector_connectionparameters.json</connectionparameters>
      <policytemplateinstances>/Connector/msftce_5Fgraph-20api-20custom-20connector_policytemplateinstances.json</policytemplateinstances>
      <iconblob>/Connector/msftce_5Fgraph-20api-20custom-20connector_iconblob.Png</iconblob>
    </Connector>
    <Connector>
      <connectorid>036d54ed-097d-4faa-a769-4f9062644506</connectorid>
      <description>This will allow to add RBAC rules and enforce permissions at resource group levels</description>
      <displayname>Azure Management - RBAC</displayname>
      <iconbrandcolor>#007ee5</iconbrandcolor>
      <name>msftce_5Fazure-20management-20-2D-20rbac</name>
      <connectortype>1</connectortype>
      <openapidefinition>/Connector/msftce_5Fazure-20management-20-2D-20rbac_openapidefinition.json</openapidefinition>
      <connectionparameters>/Connector/msftce_5Fazure-20management-20-2D-20rbac_connectionparameters.json</connectionparameters>
      <policytemplateinstances>/Connector/msftce_5Fazure-20management-20-2D-20rbac_policytemplateinstances.json</policytemplateinstances>
      <iconblob>/Connector/msftce_5Fazure-20management-20-2D-20rbac_iconblob.Png</iconblob>
    </Connector>
  </Connectors>
  <Languages>
    <Language>1033</Language>
  </Languages>
</ImportExportXml>