<ImportExportXml version="9.2.24051.210" SolutionPackageVersion="9.2" languagecode="1033" generatedBy="CrmLive" xmlns:xsi="http://www.w3.org/2001/XMLSchema-instance">
  <SolutionManifest>
    <UniqueName>CETenantManagementV2CustomConnector</UniqueName>
    <LocalizedNames>
      <LocalizedName description="CE Tenant Management V2 Custom Connector" languagecode="1033" />
    </LocalizedNames>
    <Descriptions />
    <Version>1.0.0.1</Version>
    <Managed>0</Managed>
    <Publisher>
      <UniqueName>MicrosoftCE</UniqueName>
      <LocalizedNames>
        <LocalizedName description="Microsoft CE" languagecode="1033" />
      </LocalizedNames>
      <Descriptions />
      <EMailAddress xsi:nil="true"></EMailAddress>
      <SupportingWebsiteUrl xsi:nil="true"></SupportingWebsiteUrl>
      <CustomizationPrefix>msftce</CustomizationPrefix>
      <CustomizationOptionValuePrefix>32186</CustomizationOptionValuePrefix>
      <Addresses>
        <Address>
          <AddressNumber>1</AddressNumber>
          <AddressTypeCode>1</AddressTypeCode>
          <City xsi:nil="true"></City>
          <County xsi:nil="true"></County>
          <Country xsi:nil="true"></Country>
          <Fax xsi:nil="true"></Fax>
          <FreightTermsCode xsi:nil="true"></FreightTermsCode>
          <ImportSequenceNumber xsi:nil="true"></ImportSequenceNumber>
          <Latitude xsi:nil="true"></Latitude>
          <Line1 xsi:nil="true"></Line1>
          <Line2 xsi:nil="true"></Line2>
          <Line3 xsi:nil="true"></Line3>
          <Longitude xsi:nil="true"></Longitude>
          <Name xsi:nil="true"></Name>
          <PostalCode xsi:nil="true"></PostalCode>
          <PostOfficeBox xsi:nil="true"></PostOfficeBox>
          <PrimaryContactName xsi:nil="true"></PrimaryContactName>
          <ShippingMethodCode>1</ShippingMethodCode>
          <StateOrProvince xsi:nil="true"></StateOrProvince>
          <Telephone1 xsi:nil="true"></Telephone1>
          <Telephone2 xsi:nil="true"></Telephone2>
          <Telephone3 xsi:nil="true"></Telephone3>
          <TimeZoneRuleVersionNumber xsi:nil="true"></TimeZoneRuleVersionNumber>
          <UPSZone xsi:nil="true"></UPSZone>
          <UTCOffset xsi:nil="true"></UTCOffset>
          <UTCConversionTimeZoneCode xsi:nil="true"></UTCConversionTimeZoneCode>
        </Address>
        <Address>
          <AddressNumber>2</AddressNumber>
          <AddressTypeCode>1</AddressTypeCode>
          <City xsi:nil="true"></City>
          <County xsi:nil="true"></County>
          <Country xsi:nil="true"></Country>
          <Fax xsi:nil="true"></Fax>
          <FreightTermsCode xsi:nil="true"></FreightTermsCode>
          <ImportSequenceNumber xsi:nil="true"></ImportSequenceNumber>
          <Latitude xsi:nil="true"></Latitude>
          <Line1 xsi:nil="true"></Line1>
          <Line2 xsi:nil="true"></Line2>
          <Line3 xsi:nil="true"></Line3>
          <Longitude xsi:nil="true"></Longitude>
          <Name xsi:nil="true"></Name>
          <PostalCode xsi:nil="true"></PostalCode>
          <PostOfficeBox xsi:nil="true"></PostOfficeBox>
          <PrimaryContactName xsi:nil="true"></PrimaryContactName>
          <ShippingMethodCode>1</ShippingMethodCode>
          <StateOrProvince xsi:nil="true"></StateOrProvince>
          <Telephone1 xsi:nil="true"></Telephone1>
          <Telephone2 xsi:nil="true"></Telephone2>
          <Telephone3 xsi:nil="true"></Telephone3>
          <TimeZoneRuleVersionNumber xsi:nil="true"></TimeZoneRuleVersionNumber>
          <UPSZone xsi:nil="true"></UPSZone>
          <UTCOffset xsi:nil="true"></UTCOffset>
          <UTCConversionTimeZoneCode xsi:nil="true"></UTCConversionTimeZoneCode>
        </Address>
      </Addresses>
    </Publisher>
    <RootComponents>
      <RootComponent type="372" id="{036d54ed-097d-4faa-a769-4f9062644506}" schemaName="msftce_5Fazure-20management-20-2D-20rbac" behavior="0" />
      <RootComponent type="372" id="{9e2dc2c0-26eb-4c57-9441-2c3ed6970cd8}" schemaName="msftce_5Fgraph-20api-20custom-20connector" behavior="0" />
    </RootComponents>
    <MissingDependencies>
      <MissingDependency>
        <Required type="EnvironmentVariableDefinition" displayName="msftce_PFECRMOnline_ClientId" solution="Active" id.schemaname="msftce_PFECRMOnline_ClientId" />
        <Dependent type="372" schemaName="msftce_5Fazure-20management-20-2D-20rbac" displayName="Azure Management - RBAC" id="{036d54ed-097d-4faa-a769-4f9062644506}" />
      </MissingDependency>
      <MissingDependency>
        <Required type="EnvironmentVariableDefinition" displayName="msftce_PFECRMOnline_ClientId" solution="Active" id.schemaname="msftce_PFECRMOnline_ClientId" />
        <Dependent type="372" schemaName="msftce_5Fgraph-20api-20custom-20connector" displayName="Graph API Custom Connector" id="{9e2dc2c0-26eb-4c57-9441-2c3ed6970cd8}" />
      </MissingDependency>
      <MissingDependency>
        <Required type="EnvironmentVariableDefinition" displayName="msftce_PFECRMOnline_ClientSecret" solution="Active" id.schemaname="msftce_PFECRMOnline_ClientSecret" />
        <Dependent type="372" schemaName="msftce_5Fazure-20management-20-2D-20rbac" displayName="Azure Management - RBAC" id="{036d54ed-097d-4faa-a769-4f9062644506}" />
      </MissingDependency>
      <MissingDependency>
        <Required type="EnvironmentVariableDefinition" displayName="msftce_PFECRMOnline_ClientSecret" solution="Active" id.schemaname="msftce_PFECRMOnline_ClientSecret" />
        <Dependent type="372" schemaName="msftce_5Fgraph-20api-20custom-20connector" displayName="Graph API Custom Connector" id="{9e2dc2c0-26eb-4c57-9441-2c3ed6970cd8}" />
      </MissingDependency>
    </MissingDependencies>
  </SolutionManifest>
</ImportExportXml>