{"token":{"type":"oauthSetting","oAuthSettings":{"identityProvider":"aad","clientId":"@environmentVariables(\"msftce_PFECRMOnline_ClientId\")","scopes":["https://management.azure.com//.default"],"redirectMode":"GlobalPerConnector","redirectUrl":"https://global.consent.azure-apim.net/redirect/msftce-5fazure-20management-20-2d-20rbac-5fcaf1f3b1e9f2d23e","properties":{"IsFirstParty":"False","AzureActiveDirectoryResourceId":"https://management.azure.com","IsOnbehalfofLoginSupported":true},"customParameters":{"LoginUri":{"value":"https://login.microsoftonline.com"},"TenantId":{"value":"common"},"ResourceUri":{"value":"https://management.azure.com"},"EnableOnbehalfOfLogin":{"value":false}},"clientSecret":"@environmentVariables(\"msftce_PFECRMOnline_ClientSecret\")"}},"token:TenantId":{"type":"string","metadata":{"sourceType":"AzureActiveDirectoryTenant"},"uiDefinition":{"constraints":{"required":"false","hidden":"true"}}}}